Year,State,TotalVotes,DemocratVotes,DemocratElectoralVotes,RepublicanVotes,RepublicanElectoralVotes,Income,Population,Unemployment
1976,AK,123574,44058,0,71555,3,12447,400000,12446
1980,AK,158445,86112,3,41842,0,15507,405000,18057
1984,AK,207605,138377,3,62007,0,19701,513000,24023
1988,AK,200116,119251,3,72584,0,20420,541000,21907
1992,AK,258506,78294,0,102000,3,24240,587000,25338
1996,AK,241620,80380,0,122746,3,26953,604000,22881
2000,AK,285560,167398,3,79004,0,32044,627000,20193
2004,AK,312598,190889,3,111025,0,37016,659000,25046
2008,AK,326197,123594,0,193841,3,47869,687000,23036
2012,AK,300495,122640,0,164676,3,53729,730000,26361
2016,AK,318608,116454,0,163387,3,56341,742000,23878
2020,AK,359530,153778,0,189951,3,63502,732000,17657
1976,AL,1182850,659170,9,504070,0,5438,3735000,100477
1980,AL,1341929,654192,9,636730,0,7957,3900000,148114
1984,AL,1441713,872849,9,551899,0,10848,3951000,201640
1988,AL,1378476,815576,9,549506,0,13807,4023000,136594
1992,AL,1688060,690080,0,804283,9,17583,4139000,147817
1996,AL,1534349,662165,0,769044,9,20630,4290000,108842
2000,AL,1666272,941173,9,692611,0,24306,4452000,99502
2004,AL,1883449,1176394,9,693933,0,28434,4530000,119467
2008,AL,2099819,813479,0,1266546,9,33583,4718000,127843
2012,AL,2074338,795696,0,1255925,9,35992,4816000,177957
2016,AL,2123372,729547,0,1318255,9,39525,4866000,126822
2020,AL,2323282,849624,0,1441170,9,46479,5024000,59405
1976,AR,767535,498604,6,267903,0,5247,2170000,61608
1980,AR,837582,403164,6,398041,0,7597,2288000,74823
1984,AR,884406,534774,6,338646,0,10543,2319000,89491
1988,AR,827738,466578,6,349237,0,13022,2342000,85295
1992,AR,950653,505823,6,337324,0,16438,2394000,81082
1996,AR,884262,475171,6,325416,0,19458,2504000,63926
2000,AR,921781,472940,6,422768,0,22781,2678000,52755
2004,AR,1054945,572898,6,469953,0,27059,2749000,72645
2008,AR,1086617,422310,0,638017,6,32306,2874000,73975
2012,AR,1069468,394409,0,647744,6,36533,2952000,98103
2016,AR,1130635,380494,0,684872,6,40720,2991000,53606
2020,AR,1219069,423932,0,760647,6,47235,3012000,50132
1976,AZ,742719,295602,0,418642,6,6309,2346000,95832
1980,AZ,873945,529688,6,246843,0,9671,2737000,81471
1984,AZ,1025897,681416,7,333854,0,13060,3067000,71240
1988,AZ,1171873,702541,7,454029,0,16044,3535000,106592
1992,AZ,1486975,543050,0,572086,8,18309,3867000,141957
1996,AZ,1404405,653288,8,622073,0,21737,4432000,125566
2000,AZ,1532016,781652,8,685341,0,26388,5160000,100001
2004,AZ,2012585,1104294,10,893524,0,30221,5652000,138704
2008,AZ,2293475,1034707,0,1230111,10,35748,6280000,179776
2012,AZ,2299254,1025232,0,1233654,11,36272,6556000,254884
2016,AZ,2573165,1161167,0,1252401,11,40618,6944000,178345
2020,AZ,3387326,1672143,11,1661686,0,49648,7177000,171670
1976,CA,7867117,3742284,0,3882244,45,7975,21935000,905657
1980,CA,8587063,4524858,45,3083661,0,11945,23800000,801388
1984,CA,9505423,5467009,47,3922519,0,15895,25844000,977826
1988,CA,9887065,5054917,47,4702233,0,19605,28464000,745698
1992,CA,11131721,5121325,54,3630574,0,22678,30875000,1430843
1996,CA,10019484,5119835,54,3828380,0,25912,31780000,1130516
2000,CA,10965856,4567429,0,5861203,54,33410,33987000,826564
2004,CA,12421852,5509826,0,6745485,55,37070,35574000,1079887
2008,CA,13561900,8274473,55,5011781,0,43567,36604000,1329167
2012,CA,13038547,7854285,55,4839958,0,48154,37944000,1945373
2016,CA,14181595,8753788,55,4483810,0,56667,39149000,1048815
2020,CA,17500881,11110250,55,6006429,0,70192,39499000,823824
1976,CO,1081554,460353,0,584367,7,7211,2632000,73512
1980,CO,1184415,652264,7,367973,0,11019,2908000,88193
1984,CO,1295380,821817,8,454975,0,15030,3169000,93680
1988,CO,1372394,728177,8,621453,0,17643,3262000,109487
1992,CO,1569180,629681,8,562850,0,21625,3459000,112834
1996,CO,1510704,671152,0,691848,8,26336,3812000,89840
2000,CO,1741368,883748,8,738227,0,34029,4326000,64420
2004,CO,2130330,1101255,9,1001732,0,35819,4575000,141382
2008,CO,2401361,1288576,9,1073589,0,42953,4889000,133553
2012,CO,2569520,1323101,9,1185243,0,45586,5193000,219628
2016,CO,2780220,1338870,9,1202484,0,52251,5543000,90741
2020,CO,3256952,1804352,9,1364607,0,63776,5784000,84380
1976,CT,1381526,647895,0,719261,8,7951,3083000,133289
1980,CT,1406285,677210,8,541732,0,12365,3113000,90019
1984,CT,1466900,890877,8,569597,0,17572,3180000,77852
1988,CT,1443394,750241,8,676584,0,23738,3271000,50283
1992,CT,1616332,682318,8,578313,0,28560,3274000,133098
1996,CT,1392614,735740,8,483109,0,33191,3267000,90994
2000,CT,1459525,561094,0,816015,8,43070,3411000,37184
2004,CT,1578769,693826,0,857488,7,47238,3496000,90332
2008,CT,1646792,997772,7,629428,0,60970,3545000,106062
2012,CT,1558960,905083,7,634892,0,64300,3595000,158008
2016,CT,1644920,897572,7,673215,0,69215,3579000,92178
2020,CT,1824280,1080680,7,715291,0,78609,3600000,70295
1976,DC,168830,137818,3,27873,0,9548,692000,28595
1980,DC,175237,23545,0,131113,3,13235,638000,23999
1984,DC,211288,29009,0,180408,3,17566,633000,28389
1988,DC,192877,27590,0,159407,3,22698,630000,16526
1992,DC,227572,192619,3,20698,0,29067,584000,27166
1996,DC,185726,158220,3,17339,0,33872,538000,24489
2000,DC,201894,18073,0,171923,2,43524,572000,17688
2004,DC,227586,21256,0,202970,3,50088,567000,25337
2008,DC,265853,245800,3,17367,0,60887,580000,22932
2012,DC,293764,267070,3,21381,0,67655,635000,32800
2016,DC,311268,282830,3,12723,0,76623,687000,24652
2020,DC,344356,317323,3,18586,0,86567,690000,20533
1976,DE,235834,122596,3,109831,0,7430,590000,22600
1980,DE,235900,111252,3,105754,0,10809,594000,21355
1984,DE,254572,152190,3,101656,0,14671,611000,19133
1988,DE,249891,139639,3,108647,0,18925,647000,10405
1992,DE,289735,126054,3,102313,0,22814,690000,19206
1996,DE,270845,140355,3,99062,0,26227,727000,19269
2000,DE,327622,137288,0,180068,3,33884,786000,14838
2004,DE,375190,171660,0,200152,3,38974,830000,18094
2008,DE,412412,255459,3,152374,0,40894,883000,22675
2012,DE,413921,242584,3,165484,0,44121,915000,31517
2016,DE,441590,235603,3,185127,0,48890,949000,21243
2020,DE,504010,296268,3,200603,0,56097,991000,21021
1976,FL,3150631,1636000,17,1469531,0,6557,8667000,334212
1980,FL,3686930,2046951,17,1419475,0,10145,9839000,257662
1984,FL,4180051,2730350,21,1448816,0,13939,11039000,339834
1988,FL,4302313,2618885,21,1656701,0,17601,12306000,315893
1992,FL,5314392,2072698,0,2173310,25,20825,13504000,555028
1996,FL,5303794,2546870,25,2244536,0,24500,14426000,378656
2000,FL,5963110,2912790,25,2912253,0,29466,16047000,297422
2004,FL,7609810,3964522,27,3583544,0,33778,17415000,313255
2008,FL,8390744,4282074,27,4045624,0,39401,18527000,521451
2012,FL,8474179,4237756,29,4163447,0,41475,19302000,807810
2016,FL,9420039,4504975,0,4617886,29,46253,20627000,482371
2020,FL,11067456,5297045,0,5668731,29,55675,21569000,342027
1976,GA,1467458,979409,12,483743,0,5881,5132000,185052
1980,GA,1596695,654168,0,890733,12,8602,5486000,159937
1984,GA,1776120,1068722,12,706628,0,12316,5834000,169217
1988,GA,1809672,1081331,12,714792,0,15959,6316000,176529
1992,GA,2321125,1008966,13,995252,0,19360,6759000,225715
1996,GA,2299071,1053849,0,1080843,13,23475,7332000,175296
2000,GA,2596645,1419720,13,1116230,0,28851,8227000,147744
2004,GA,3301875,1914254,15,1366149,0,32034,8769000,228064
2008,GA,3924440,1844137,0,2048744,15,35438,9504000,329226
2012,GA,3900050,1773827,0,2078688,16,37507,9903000,431723
2016,GA,4092373,1877963,0,2089104,16,43074,10308000,268528
2020,GA,4997716,2473633,16,2461854,0,51780,10725000,173827
1976,HI,291301,147375,4,140003,0,8367,904000,37676
1980,HI,303287,130112,0,135879,4,11867,967000,21934
1984,HI,335846,185050,4,147154,0,15052,1027000,25780
1988,HI,354461,158625,0,192364,4,18964,1079000,15954
1992,HI,372842,179310,4,136822,0,24542,1149000,23887
1996,HI,360120,205012,4,113943,0,25665,1184000,35175
2000,HI,367951,137845,0,205286,4,29319,1213000,25685
2004,HI,429013,194191,0,231708,4,34277,1273000,20162
2008,HI,453568,325871,4,120566,0,41969,1332000,25924
2012,HI,434697,306658,4,121015,0,44121,1395000,38476
2016,HI,428937,266891,4,128847,0,50089,1428000,19620
2020,HI,574469,366130,4,196864,0,58655,1451000,13780
1976,IA,1279306,619931,0,632863,8,6640,2903000,54852
1980,IA,1317661,676026,8,508672,0,9607,2914000,84677
1984,IA,1319805,703088,8,605620,0,12924,2858000,99813
1988,IA,1225614,545355,0,670557,8,15446,2768000,69235
1992,IA,1354607,586353,7,504891,0,19086,2806000,68366
1996,IA,1234075,620258,7,492644,0,23209,2848000,57829
2000,IA,1315563,634373,0,638517,7,27390,2929000,42924
2004,IA,1506908,751957,7,741898,0,31704,2953000,72707
2008,IA,1543662,828940,7,682379,0,38703,3016000,70485
2012,IA,1582180,822544,6,730617,0,42953,3076000,84101
2016,IA,1566031,653669,0,800983,6,46531,3133000,61177
2020,IA,1690871,759061,0,897672,6,53478,3188000,49313
1976,ID,344071,126549,0,204151,4,6343,856000,21041
1980,ID,437431,290699,4,110192,0,8856,947000,32417
1984,ID,411144,297523,4,108510,0,11399,990000,33337
1988,ID,408968,253881,4,147272,0,13966,985000,29636
1992,ID,482142,137013,0,202645,4,17640,1066000,34570
1996,ID,491719,165443,0,256595,4,21058,1187000,33421
2000,ID,501621,336937,4,138637,0,25183,1299000,30756
2004,ID,598447,409235,4,181098,0,28317,1391000,34160
2008,ID,655032,236440,0,403012,4,32841,1534000,38320
2012,ID,652274,212787,0,420911,4,35201,1595000,57061
2016,ID,690255,189765,0,409055,4,40385,1684000,29850
2020,ID,868014,287021,0,554119,4,48759,1847000,22827
1976,IL,4718914,2271295,0,2364269,26,7644,11342000,336070
1980,IL,4749721,2358049,26,1981413,0,10950,11434000,454292
1984,IL,4819088,2707103,24,2086499,0,14784,11412000,511932
1988,IL,4559120,2310939,24,2215940,0,18669,11390000,392996
1992,IL,5050157,2453350,22,1734096,0,22724,11635000,474805
1996,IL,4311391,2341744,22,1587021,0,27066,11953000,330272
2000,IL,4742123,2019421,0,2589026,22,33212,12434000,288829
2004,IL,5274322,2345946,0,2891550,21,36519,12589000,392230
2008,IL,5523051,3419673,21,2031527,0,43460,12747000,432506
2012,IL,5242014,3019512,20,2135216,0,46190,12883000,595943
2016,IL,5536424,3090729,20,2146015,0,52543,12821000,386372
2020,IL,6033744,3471915,20,2446891,0,62930,12785000,221025
1976,IN,2220362,1014714,0,1183958,13,6540,5389000,147091
1980,IN,2242033,1255656,13,844197,0,9365,5490000,255153
1984,IN,2233069,1377230,12,841481,0,12460,5458000,222512
1988,IN,2168621,1297763,12,860643,0,15646,5491000,144202
1992,IN,2305871,848420,0,989375,12,19411,5648000,174029
1996,IN,2135431,887424,0,1006693,12,23089,5834000,122841
2000,IN,2199302,1245836,12,901980,0,28153,6091000,95316
2004,IN,2468002,1479438,11,969011,0,30791,6233000,171287
2008,IN,2751054,1374039,11,1345648,0,35408,6424000,192932
2012,IN,2624534,1152887,0,1420543,11,39477,6538000,260910
2016,IN,2734958,1033126,0,1557286,11,43780,6637000,145589
2020,IN,3033121,1242416,0,1729519,11,51926,6785000,106458
1976,KS,957845,430421,0,502752,7,6850,2301000,44570
1980,KS,979795,566812,7,326150,0,10075,2369000,52054
1984,KS,1021991,677296,7,333149,0,13827,2424000,60060
1988,KS,993044,554049,7,422636,0,16533,2461000,57240
1992,KS,1157335,390434,0,449951,6,20115,2526000,59822
1996,KS,1074300,387659,0,583245,6,23688,2598000,58118
2000,KS,1072218,622332,6,399276,0,28253,2693000,53045
2004,KS,1187756,736456,6,434993,0,30843,2734000,80510
2008,KS,1235872,514765,0,699655,6,41257,2808000,68893
2012,KS,1159971,440726,0,692634,6,45373,2886000,85280
2016,KS,1184402,427005,0,671018,6,47557,2912000,60073
2020,KS,1372303,570323,0,771406,6,56099,2935000,47148
1976,KY,1167142,615717,9,531852,0,5536,3529000,81034
1980,KY,1294627,635274,9,616417,0,8152,3664000,133338
1984,KY,1369345,821702,9,539539,0,11111,3695000,154545
1988,KY,1322517,734281,9,580368,0,13743,3679000,127675
1992,KY,1492900,665104,8,617178,0,17407,3756000,122366
1996,KY,1388708,636614,8,623283,0,20314,3881000,101344
2000,KY,1544187,872492,8,638898,0,24868,4049000,81247
2004,KY,1795882,1069439,8,712733,0,28087,4146000,108344
2008,KY,1826508,751985,0,1048462,8,33002,4289000,133027
2012,KY,1797212,679370,0,1087190,8,35925,4387000,169055
2016,KY,1924149,628854,0,1202971,8,39905,4440000,101474
2020,KY,2136768,772474,0,1326646,8,47339,4503000,85765
1976,LA,1278439,661365,10,587446,0,5672,3950000,101644
1980,LA,1548591,792853,10,708453,0,8849,4223000,125294
1984,LA,1706822,1037299,10,651586,0,11704,4400000,197876
1988,LA,1628202,883702,10,717460,0,13263,4288000,204013
1992,LA,1790017,815971,9,733386,0,17066,4270000,150748
1996,LA,1783959,927837,9,712586,0,20409,4338000,128312
2000,LA,1765656,927871,9,792344,0,23997,4471000,104320
2004,LA,1943106,1102169,9,820299,0,28065,4552000,115658
2008,LA,1960761,782989,0,1148275,9,38522,4435000,96324
2012,LA,1994065,809141,0,1152262,8,41017,4602000,141403
2016,LA,2029032,780154,0,1178638,8,42763,4681000,129025
2020,LA,2148062,856034,0,1255776,8,50874,4651000,109270
1976,MA,2547558,1429475,14,1030276,0,7078,5743000,265216
1980,MA,2522890,1057631,14,1053802,0,10684,5746000,165722
1984,MA,2559453,1310936,13,1239606,0,15739,5840000,145429
1988,MA,2632805,1194635,0,1401415,13,21358,5979000,103960
1992,MA,2773700,1318662,12,805049,0,24628,5993000,279877
1996,MA,2556786,1571763,12,718107,0,29545,6085000,149331
2000,MA,2702984,878502,0,1616487,12,38594,6361000,94453
2004,MA,2912388,1071109,0,1803800,12,42407,6412000,173699
2008,MA,3080985,1904097,12,1108854,0,51810,6468000,184375
2012,MA,3167767,1921290,11,1188314,0,56911,6664000,235415
2016,MA,3325046,1995196,11,1090893,0,65060,6827000,145729
2020,MA,3631403,2382202,11,1167202,0,78458,7022000,106651
1976,MD,1439897,759612,10,672661,0,7887,4150000,125476
1980,MD,1540496,680606,0,726161,10,11473,4227000,141561
1984,MD,1675873,879918,10,787935,0,15959,4365000,119918
1988,MD,1714358,876167,10,826304,0,20769,4657000,102984
1992,MD,1985046,988571,10,707094,0,24503,4902000,173356
1996,MD,1780870,966207,10,681530,0,28119,5057000,135611
2000,MD,2020480,813797,0,1140782,10,35591,5311000,98886
2004,MD,2386678,1024703,0,1334493,10,41641,5546000,132891
2008,MD,2631596,1629467,10,959862,0,49186,5684000,137339
2012,MD,2707327,1677844,10,971869,0,53016,5888000,214445
2016,MD,2781446,1677928,10,943169,0,58329,6007000,135486
2020,MD,3037030,1985023,10,976414,0,66799,6172000,111061
1976,ME,483216,232279,0,236320,4,5915,1088000,41233
1980,ME,523011,238522,4,220974,0,8567,1126000,37806
1984,ME,553144,336500,4,214515,0,11930,1155000,33576
1988,ME,555035,307131,4,243569,0,16013,1203000,21973
1992,ME,679499,263420,4,206504,0,18833,1235000,47033
1996,ME,605897,312788,4,186378,0,22139,1241000,34830
2000,ME,651817,286616,0,319951,4,27491,1277000,22523
2004,ME,740752,330201,0,396842,4,32211,1313000,31911
2008,ME,731163,421923,4,295273,0,37163,1330000,37811
2012,ME,713180,401306,4,292276,0,40496,1328000,50409
2016,ME,747927,357735,3,335593,1,45003,1332000,26199
2020,ME,819461,435072,2,360737,0,54211,1362000,20773
1976,MI,3653749,1696714,0,1893742,21,7070,9129000,374368
1980,MI,3909725,1915225,21,1661532,0,10230,9255000,532428
1984,MI,3801658,2251571,20,1529638,0,13612,9049000,484612
1988,MI,3669163,1965486,20,1675783,0,17089,9217000,343486
1992,MI,4274673,1871182,18,1554940,0,20280,9470000,423321
1996,MI,3848844,1989653,18,1481212,0,24821,9739000,239592
2000,MI,4232711,1953139,0,2170418,18,30344,9952000,190206
2004,MI,4839252,2313746,0,2479183,17,32168,10055000,350947
2008,MI,5001766,2872579,17,2048639,0,35969,9946000,403824
2012,MI,4730961,2564569,16,2115256,0,39355,9898000,423665
2016,MI,4799284,2268839,0,2279543,16,44809,9954000,242522
2020,MI,5539301,2804040,16,2649852,0,53259,10067000,183525
1976,MN,1949931,1070440,10,819395,0,6801,3964000,107251
1980,MN,2051980,873268,0,954174,10,10282,4085000,121422
1984,MN,2084449,1032603,0,1036364,10,14351,4157000,139369
1988,MN,2096790,962337,0,1109471,10,17556,4296000,100076
1992,MN,2347948,1020997,10,747841,0,21581,4471000,124273
1996,MN,2192640,1120438,10,766476,0,25932,4647000,100956
2000,MN,2438685,1109659,0,1168266,10,32448,4933000,84899
2004,MN,2828387,1346695,0,1445014,9,37211,5087000,132562
2008,MN,2910369,1573354,10,1275409,0,43161,5247000,158681
2012,MN,2936561,1546167,10,1320225,0,47822,5377000,166599
2016,MN,2944813,1367716,10,1322951,0,52890,5525000,116798
2020,MN,3277171,1717077,10,1484065,0,62005,5707000,98843
1976,MO,1953600,998387,12,927443,0,6409,4839000,131516
1980,MO,2099824,1074181,12,931182,0,9370,4921000,167710
1984,MO,2122783,1274188,11,848583,0,13103,4975000,175361
1988,MO,2093713,1084953,11,1001619,0,16162,5081000,147541
1992,MO,2391565,1053873,11,811159,0,19578,5193000,163216
1996,MO,2158065,1025935,11,890016,0,23321,5367000,136398
2000,MO,2359892,1189924,11,1111138,0,27941,5607000,101373
2004,MO,2731364,1455713,11,1259171,0,31510,5747000,175955
2008,MO,2925205,1441911,0,1445814,11,37312,5923000,190348
2012,MO,2757323,1223796,0,1482440,10,40322,6026000,215833
2016,MO,2808605,1071068,0,1594511,10,44424,6091000,139672
2020,MO,3025962,1253014,0,1718736,10,51697,6154000,110541
1976,MS,769361,381309,7,366846,0,4887,2429000,62875
1980,MS,892620,441089,7,429281,0,7166,2525000,77767
1984,MS,941104,582377,7,352192,0,9514,2578000,115156
1988,MS,931527,557890,7,363921,0,11744,2580000,97793
1992,MS,981793,400258,0,487793,7,14888,2610000,95109
1996,MS,893857,394022,0,439838,7,18386,2709000,75734
2000,MS,994184,572844,7,404614,0,21681,2848000,69923
2004,MS,1152145,684981,6,458094,0,25306,2889000,80677
2008,MS,1289865,554662,0,724597,6,30785,2947000,86928
2012,MS,1285584,562949,0,710746,6,33632,2984000,117447
2016,MS,1209357,485131,0,700714,6,35946,2990000,75956
2020,MS,1313759,539398,0,756764,6,42129,2956000,72217
1976,MT,328734,149259,0,173703,4,6337,757000,19669
1980,MT,363952,206814,4,118032,0,9142,788000,23516
1984,MT,384377,232450,4,146742,0,11698,820000,30280
1988,MT,365674,190412,4,168936,0,13356,800000,26775
1992,MT,410611,154507,3,144207,0,16971,822000,28094
1996,MT,407261,167922,0,179652,3,19411,876000,24890
2000,MT,410997,240178,3,137126,0,23081,903000,22675
2004,MT,450445,266063,3,173710,0,28131,930000,21564
2008,MT,490109,231667,0,242763,3,35792,976000,24214
2012,MT,484048,201839,0,267928,3,40750,1004000,29407
2016,MT,494526,177709,0,279240,3,44211,1042000,22501
2020,MT,603640,244786,0,343602,3,53361,1086000,19826
1976,NC,1678914,927365,13,741960,0,5745,5607000,161671
1980,NC,1855833,915018,13,875635,0,8348,5898000,183374
1984,NC,2175361,1346481,13,824287,0,11863,6164000,199851
1988,NC,2134370,1237258,13,890167,0,15522,6480000,123209
1992,NC,2611850,1114042,0,1134661,14,19236,6831000,224957
1996,NC,2515807,1107849,0,1225938,14,23040,7307000,168683
2000,NC,2911262,1631163,14,1257692,0,27510,8081000,155054
2004,NC,3501007,1961166,15,1525849,0,30635,8553000,251375
2008,NC,4310789,2142651,15,2128474,0,37835,9309000,284529
2012,NC,4505372,2178391,0,2270395,15,38984,9751000,448468
2016,NC,4741558,2189313,0,2362628,15,42574,10161000,246790
2020,NC,5524804,2684292,0,2758775,15,50305,10457000,179605
1976,ND,297188,136078,0,153470,3,6357,645000,10569
1980,ND,301545,193695,3,79189,0,8053,654000,14846
1984,ND,308971,200336,3,104429,0,12429,680000,17314
1988,ND,297261,166559,3,127739,0,12920,655000,15211
1992,ND,308133,99168,0,136244,3,17849,635000,14505
1996,ND,266411,106905,0,125050,3,21627,642000,10897
2000,ND,288256,174852,3,95284,0,25892,642000,10100
2004,ND,312833,196651,3,111052,0,30107,644000,11912
2008,ND,316621,141278,0,168601,3,41075,657000,11549
2012,ND,322932,124966,0,188320,3,56671,702000,11629
2016,ND,344360,93758,0,216794,3,52592,756000,12772
2020,ND,361819,114902,0,235595,3,61530,778000,9148
1976,NE,607668,233692,0,359705,5,6597,1550000,22609
1980,NE,640854,419937,5,166851,0,9386,1572000,29070
1984,NE,652090,460054,5,187866,0,13354,1588000,35518
1988,NE,661465,397956,5,259235,0,16371,1571000,28081
1992,NE,737546,216864,0,343678,5,19984,1602000,24178
1996,NE,677415,236761,0,363467,5,24371,1647000,24580
2000,NE,697019,433862,5,231780,0,29039,1713000,26289
2004,NE,778186,512814,5,254328,0,33627,1749000,37837
2008,NE,801281,333319,1,452979,4,40535,1796000,32225
2012,NE,794379,302081,0,475064,5,46801,1853000,39443
2016,NE,844227,284494,0,495961,2,49745,1906000,31174
2020,NE,951712,374583,0,556846,2,57570,1961000,30755
1976,NH,339618,147635,0,185935,4,6418,845000,25638
1980,NH,383990,221705,4,108864,0,10039,924000,21111
1984,NH,389066,267051,4,120395,0,14717,976000,21876
1988,NH,451074,281537,4,163696,0,19696,1082000,14074
1992,NH,537943,209040,4,202484,0,22337,1112000,45111
1996,NH,499175,246214,4,196532,0,26339,1160000,23827
2000,NH,569081,273559,4,266348,0,35335,1239000,18256
2004,NH,677738,331237,0,340511,4,39434,1290000,27249
2008,NH,707611,384826,4,316534,0,45886,1315000,27966
2012,NH,710972,369561,4,329918,0,51224,1324000,40372
2016,NH,744296,348526,4,345790,0,56629,1343000,21594
2020,NH,806205,424937,4,365660,0,67097,1377000,19904
1976,NJ,3014472,1444653,0,1509688,17,7817,7339000,345208
1980,NJ,2975684,1546557,17,1147364,0,11801,7376000,257059
1984,NJ,3217862,1933630,16,1261323,0,16708,7515000,238207
1988,NJ,3099553,1743192,16,1320352,0,22120,7712000,149175
1992,NJ,3343594,1436206,15,1356865,0,26713,7827000,345133
1996,NJ,3075807,1652329,15,1103078,0,31052,8009000,256429
2000,NJ,3187226,1284173,0,1788850,15,39216,8430000,156603
2004,NJ,3611691,1670003,0,1911430,15,42876,8634000,213917
2008,NJ,3868237,2215422,15,1613207,0,51779,8711000,245164
2012,NJ,3638499,2122786,14,1478088,0,55115,8845000,429492
2016,NJ,3874046,2148278,14,1601933,0,62213,8873000,221925
2020,NJ,4549353,2608335,14,1883274,0,73460,9279000,167403
1976,NM,418409,201148,0,211419,4,5846,1189000,42586
1980,NM,456971,250779,4,167826,0,8647,1309000,42918
1984,NM,514370,307101,5,201769,0,11626,1416000,48492
1988,NM,521287,270341,5,244497,0,13689,1490000,51865
1992,NM,569986,261617,5,212824,0,16800,1580000,53956
1996,NM,556074,273495,5,232751,0,19826,1706000,60985
2000,NM,598605,286417,0,286783,5,23102,1821000,42593
2004,NM,756304,376930,5,370942,0,27399,1903000,49445
2008,NM,830158,472422,5,346832,0,33649,2010000,40267
2012,NM,783758,415335,5,335788,0,35793,2087000,64792
2016,NM,798318,385234,5,319666,0,38907,2092000,63908
2020,NM,923965,501614,5,401894,0,46338,2117000,49446
1976,NV,201876,92479,0,101273,3,7994,646000,28977
1980,NV,247885,155017,3,66666,0,11951,810000,27331
1984,NV,286667,188770,4,91655,0,14760,924000,38293
1988,NV,350067,206040,4,132738,0,18458,1075000,30385
1992,NV,506318,189148,4,175828,0,22554,1330000,49636
1996,NV,464279,203974,4,199244,0,26667,1596000,45223
2000,NV,608970,301575,4,279978,0,31986,2018000,44112
2004,NV,829587,418690,5,397190,0,35232,2346000,52425
2008,NV,967848,533736,5,412827,0,38836,2653000,94523
2012,NV,1014918,531373,6,463567,0,39840,2744000,158797
2016,NV,1125385,539260,6,512058,0,45232,2919000,82029
2020,NV,1405376,703486,6,669890,0,53720,3114000,58633
1976,NY,6534170,3389558,41,3100791,0,7510,17940000,783772
1980,NY,6201959,2893831,41,2728372,0,11001,17566000,594201
1984,NY,6806810,3664763,36,3119609,0,15749,17745000,586117
1988,NY,6485683,3081871,0,3347882,36,20827,17941000,362433
1992,NY,6926925,3444450,33,2346649,0,25061,18082000,759924
1996,NY,6316129,3756177,33,1933492,0,28936,18143000,549741
2000,NY,6821999,2403374,0,4107697,33,36090,19001000,412323
2004,NY,7391036,2962567,0,4314280,31,39329,19171000,542319
2008,NY,7591233,4769700,31,2742298,0,48184,19212000,521515
2012,NY,7061925,4471871,29,2485432,0,53599,19574000,828140
2016,NY,7622328,4491191,29,2790073,0,60833,19636000,464854
2020,NY,8594826,5230985,29,3244798,0,74472,20154000,359918
1976,OH,4111873,2011621,25,2000505,0,6752,10752000,367525
1980,OH,4283603,2206545,25,1752414,0,9924,10800000,422510
1984,OH,4547619,2678560,23,1825440,0,13286,10737000,483695
1988,OH,4393699,2416549,23,1939629,0,16508,10798000,320577
1992,OH,4939967,1984942,21,1894310,0,20056,11007000,406762
1996,OH,4534434,2148222,21,1859883,0,23762,11187000,282996
2000,OH,4701998,2350363,21,2183628,0,28598,11363000,237468
2004,OH,5627908,2859768,20,2741167,0,31660,11452000,365612
2008,OH,5698260,2933388,20,2674491,0,36827,11515000,396179
2012,OH,5580822,2827621,18,2661407,0,40837,11550000,422948
2016,OH,5496487,2394164,0,2841005,18,45452,11640000,291383
2020,OH,5922202,2679165,0,3154834,18,53641,11790000,267554
1976,OK,1092251,532442,0,545708,8,6145,2826000,66640
1980,OK,1149708,695570,8,402026,0,9629,3040000,56450
1984,OK,1255676,861530,8,385080,0,12761,3285000,105088
1988,OK,1171036,678367,8,483423,0,14405,3167000,96391
1992,OK,1390359,473066,0,592929,8,17399,3204000,89687
1996,OK,1206713,488105,0,582315,8,20126,3289000,63469
2000,OK,1234229,744337,8,474276,0,24178,3454000,49749
2004,OK,1463758,959792,7,503966,0,29264,3525000,79608
2008,OK,1462661,502496,0,960165,7,39325,3668000,62990
2012,OK,1334872,443547,0,891325,7,42188,3819000,91412
2016,OK,1452992,420375,0,949136,7,42399,3928000,84963
2020,OK,1560699,503890,0,1020280,7,49878,3962000,56894
1976,OR,1029876,490407,0,492120,6,7091,2378000,101616
1980,OR,1181516,571044,6,456890,0,10234,2641000,108655
1984,OR,1226527,685700,7,536479,0,12970,2666000,124087
1988,OR,1201694,560126,0,616206,7,15969,2741000,81883
1992,OR,1462643,621314,7,475757,0,19546,2973000,113275
1996,OR,1377760,649641,7,538152,0,23974,3195000,95296
2000,OR,1533968,713577,0,720342,7,28386,3429000,94396
2004,OR,1836782,866831,0,943163,7,30996,3569000,135288
2008,OR,1827864,1037291,7,738475,0,36992,3768000,122370
2012,OR,1789270,970488,7,754175,0,39370,3900000,173202
2016,OR,2001336,1002106,7,782403,0,45998,4093000,96966
2020,OR,2374321,1340383,7,958448,0,56312,4241000,71746
1976,PA,4620787,2328677,27,2205604,0,6838,11897000,411658
1980,PA,4561501,2261872,27,1937540,0,10034,11868000,443146
1984,PA,4844903,2584323,25,2228131,0,13455,11815000,490350
1988,PA,4536251,2300087,25,2194944,0,17150,11845000,296048
1992,PA,4959810,2239164,23,1791841,0,21250,11980000,439540
1996,PA,4506118,2215819,23,1801169,0,24743,12038000,328708
2000,PA,4913119,2281127,0,2485967,23,30443,12284000,257901
2004,PA,5769590,2793847,0,2938095,21,34984,12410000,333602
2008,PA,6034745,3276363,21,2655885,0,41728,12612000,344820
2012,PA,5753670,2990274,20,2680434,0,46022,12769000,493833
2016,PA,6115402,2926441,0,2970733,20,51700,12788000,344765
2020,PA,6915283,3458229,20,3377674,0,61700,12989000,315155
1976,RI,411170,227636,4,181249,0,6600,946000,35293
1980,RI,416072,154793,0,198342,4,9898,948000,34145
1984,RI,410492,212080,4,197106,0,13911,961000,25946
1988,RI,404620,177761,0,225123,4,18305,996000,15244
1992,RI,453477,213299,4,131601,0,21329,1000000,47644
1996,RI,390284,233050,4,104683,0,24657,987000,27023
2000,RI,409047,130555,0,249508,4,30417,1050000,21748
2004,RI,437134,169046,0,259765,4,35927,1074000,29168
2008,RI,469767,296571,4,165391,0,41638,1055000,43170
2012,RI,446049,279677,4,157204,0,45978,1054000,57334
2016,RI,464144,252525,4,180543,0,50320,1057000,28914
2020,RI,517757,307486,4,199922,0,60825,1096000,21243
1976,SC,802583,450807,8,346149,0,5472,2943000,91110
1980,SC,894071,441841,8,430385,0,7965,3134000,93888
1984,SC,968529,615539,8,344459,0,11059,3271000,103891
1988,SC,986009,606443,8,370554,0,14137,3412000,76920
1992,SC,1202527,479514,0,577507,8,17316,3600000,121276
1996,SC,1151689,506283,0,573458,8,20755,3738000,106963
2000,SC,1382717,785937,8,565561,0,25133,4024000,73264
2004,SC,1617730,937974,8,661699,0,27986,4210000,151856
2008,SC,1920969,862449,0,1034896,8,33234,4528000,158001
2012,SC,1964118,865941,0,1071645,9,35852,4719000,197457
2016,SC,2103027,855373,0,1155389,9,40744,4963000,112176
2020,SC,2513329,1091541,0,1385103,9,48021,5130000,62138
1976,SD,300678,147068,0,151505,4,5726,686000,10293
1980,SD,327703,198343,4,103855,0,8269,690000,15668
1984,SD,317867,200267,3,116113,0,11864,697000,14925
1988,SD,312991,165415,3,145560,0,13962,698000,14639
1992,SD,336254,124888,0,136718,3,18156,708000,12503
1996,SD,323826,139333,0,150543,3,22157,730000,12812
2000,SD,316269,190700,3,118804,0,26825,755000,10358
2004,SD,388215,232584,3,149244,0,32025,770000,15338
2008,SD,381975,170924,0,203054,3,41168,799000,13617
2012,SD,363815,145039,0,210610,3,45384,833000,18123
2016,SD,370047,117442,0,227701,3,49018,863000,13738
2020,SD,422609,150471,0,261043,3,59281,887000,13462
1976,TN,1476345,825879,10,633969,0,5664,4346000,113403
1980,TN,1617616,787761,10,783051,0,8277,4600000,149866
1984,TN,1711994,990212,11,711714,0,11411,4686000,196550
1988,TN,1636250,947233,11,679794,0,14857,4822000,135041
1992,TN,1982638,933521,11,841300,0,18625,5013000,159121
1996,TN,1894105,909146,11,863530,0,22301,5313000,142621
2000,TN,2076181,1061949,11,981720,0,27066,5703000,110351
2004,TN,2437319,1384375,11,1036477,0,30472,5910000,154925
2008,TN,2599749,1087437,0,1479178,11,35059,6247000,199791
2012,TN,2458577,960709,0,1462330,11,39418,6455000,246786
2016,TN,2508027,870695,0,1522925,11,43637,6651000,149321
2020,TN,3053851,1143711,0,1852475,11,51046,6920000,124263
1976,TX,4071884,2082319,26,1953300,0,6528,12904000,333030
1980,TX,4541636,2510705,26,1881147,0,9983,14338000,354182
1984,TX,5397571,3433428,29,1949276,0,13546,16007000,485059
1988,TX,5427410,3036829,29,2352748,0,15494,16667000,620092
1992,TX,6154018,2281815,0,2496071,32,18956,17650000,691654
1996,TX,5611644,2459683,0,2736167,32,22397,19006000,559597
2000,TX,6407637,3799639,32,2433746,0,28383,20944000,455776
2004,TX,7410765,4526917,34,2832704,0,31195,22394000,660426
2008,TX,8077795,3528633,0,4479328,34,39946,24309000,570078
2012,TX,7993851,3308124,0,4569843,38,44193,26084000,845635
2016,TX,8969226,3877868,0,4685047,38,46445,27914000,620479
2020,TX,11315056,5259126,0,5890347,38,55129,29217000,505056
1976,UT,541198,182110,0,337908,4,5866,1274000,29441
1980,UT,604222,439687,4,124266,0,8366,1472000,39615
1984,UT,629656,469105,5,155369,0,10984,1622000,46532
1988,UT,647008,428442,5,207343,0,13218,1689000,37666
1992,UT,743999,183429,0,322632,5,16401,1821000,42887
1996,UT,665629,221633,0,361911,5,20183,2022000,35090
2000,UT,770754,515096,5,203053,0,24260,2244000,38160
2004,UT,927844,663742,5,241199,0,27018,2401000,61631
2008,UT,952370,327670,0,596030,5,33941,2663000,46293
2012,UT,1017440,251813,0,740600,6,36085,2854000,64395
2016,UT,1131430,310676,0,515231,6,42008,3044000,50285
2020,UT,1488289,560282,0,865140,6,52204,3281000,39910
1976,VA,1697094,813896,0,836554,12,6969,5121000,137594
1980,VA,1866032,989609,12,752174,0,10567,5368000,131236
1984,VA,2146635,1337078,12,796250,0,14642,5643000,142374
1988,VA,2191609,1309162,12,859799,0,18870,6036000,120348
1992,VA,2558665,1038650,0,1150517,13,22398,6383000,208330
1996,VA,2416642,1091060,0,1138350,13,25973,6665000,149150
2000,VA,2739447,1437490,13,1217290,0,32715,7105000,82171
2004,VA,3198367,1716959,13,1454742,0,38139,7475000,155746
2008,VA,3723260,1959532,13,1725005,0,45514,7833000,176846
2012,VA,3854490,1971820,13,1822522,0,49366,8187000,250711
2016,VA,3982752,1981473,13,1769443,0,53439,8417000,169912
2020,VA,4460524,2413568,13,1962430,0,61958,8632000,109989
1976,VT,187765,80954,0,102085,3,5928,484000,18026
1980,VT,213299,94628,3,81952,0,8790,512000,14793
1984,VT,234561,135865,3,95730,0,12335,526000,13273
1988,VT,243328,124331,3,115775,0,16328,549000,9021
1992,VT,289701,133592,3,88122,0,19627,570000,19430
1996,VT,258449,137894,3,80352,0,22883,586000,13951
2000,VT,294308,119775,0,149022,3,29014,609000,9414
2004,VT,312309,121180,0,184067,3,34087,619000,12780
2008,VT,325046,219262,3,98974,0,41022,624000,16116
2012,VT,299290,199239,3,92698,0,45588,626000,17022
2016,VT,315067,178573,3,95369,0,50572,624000,10834
2020,VT,367428,242820,3,112704,0,59187,642000,8464
1976,WA,1555534,717323,0,777732,8,7424,3693000,142123
1980,WA,1742394,865244,9,650193,0,11130,4154000,156056
1984,WA,1883910,1051670,10,807352,0,14373,4343000,193278
1988,WA,1865253,903835,0,933516,10,17613,4639000,146584
1992,WA,2288230,993037,11,731234,0,22237,5139000,190412
1996,WA,2253837,1123323,11,840712,0,25898,5509000,170837
2000,WA,2487433,1108864,0,1247652,11,32723,5910000,157764
2004,WA,2859084,1304894,0,1510201,11,36378,6178000,200680
2008,WA,3036878,1750848,11,1229216,0,44241,6562000,183759
2012,WA,3125516,1755396,12,1290670,0,47357,6898000,265508
2016,WA,3209214,1742718,12,1221747,0,55038,7299000,190045
2020,WA,4087631,2369612,12,1584651,0,67126,7718000,157051
1976,WI,2104175,1040232,11,1004987,0,6676,4595000,117895
1980,WI,2273221,1088845,11,981584,0,10034,4712000,172888
1984,WI,2211689,1198584,11,995740,0,13285,4735000,174663
1988,WI,2191608,1047499,0,1126794,11,16269,4822000,111705
1992,WI,2531114,1041066,11,930855,0,20179,5004000,137370
1996,WI,2196169,1071971,11,845029,0,24129,5173000,105066
2000,WI,2598607,1237279,0,1242987,11,29556,5373000,101225
2004,WI,2997007,1478120,0,1489504,10,33424,5514000,151011
2008,WI,2983417,1677211,10,1262393,0,39055,5640000,154545
2012,WI,3071434,1620985,10,1410966,0,43043,5720000,212759
2016,WI,2976150,1382536,0,1405284,10,47509,5775000,121821
2020,WI,3298041,1630866,10,1610184,0,55593,5892000,102166
1976,WV,750964,435914,6,314760,0,5455,1879000,51036
1980,WV,737715,334206,0,367462,6,8011,1951000,78055
1984,WV,735742,405483,6,328125,0,10344,1927000,106949
1988,WV,653311,310065,0,341016,5,12697,1830000,73685
1992,WV,683762,331001,5,241974,0,16277,1805000,88392
1996,WV,636459,327812,5,233946,0,18767,1818000,60448
2000,WV,648124,336475,5,295497,0,22317,1807000,44619
2004,WV,755887,423778,5,326541,0,25687,1816000,45459
2008,WV,713362,303857,0,397466,5,31607,1840000,38244
2012,WV,670438,238269,0,417655,5,35478,1857000,58541
2016,WV,713051,188794,0,489371,5,37453,1832000,47900
2020,WV,794652,235984,0,545382,5,44994,1789000,40305
1976,WY,156343,62239,0,92717,3,7309,396000,6962
1980,WY,176713,110700,3,49427,0,11612,474000,9022
1984,WY,188968,133241,3,53370,0,13581,504000,16068
1988,WY,176551,106867,3,67113,0,15056,465000,15410
1992,WY,200598,68160,0,79347,3,19583,463000,12946
1996,WY,211571,77934,0,105388,3,22693,480000,12742
2000,WY,218351,147947,3,60481,0,29607,494000,9973
2004,WY,243428,167629,3,70776,0,36065,509000,10523
2008,WY,256035,82868,0,164958,3,49746,546000,8726
2012,WY,249061,69286,0,170962,3,54104,576000,16660
2016,WY,255849,55973,0,174419,3,54522,585000,16014
2020,WY,276765,73491,0,193559,3,61855,577000,13280
